{
"apiVersion": "V2",
"assemblies": [
{
  "files": [
    {
      "filePath": "assembly_data_report.jsonl",
      "fileType": "DATA_REPORT"
    }
  ]
},{
  "accession": "GCF_000292865.1",
  "files": [
    {
      "filePath": "GCF_000292865.1/GCF_000292865.1_ASM29286v1_genomic.fna",
      "fileType": "GENOMIC_NUCLEOTIDE_FASTA"
    }
  ]
},{
  "accession": "GCF_001517545.1",
  "files": [
    {
      "filePath": "GCF_001517545.1/GCF_001517545.1_Rim47_scaffolds_genomic.fna",
      "fileType": "GENOMIC_NUCLEOTIDE_FASTA"
    }
  ]
}]}
