{
"apiVersion": "V2",
"assemblies": [
{
  "files": [
    {
      "filePath": "assembly_data_report.jsonl",
      "fileType": "DATA_REPORT"
    }
  ]
},{
  "accession": "GCF_020885975.1",
  "files": [
    {
      "filePath": "GCF_020885975.1/GCF_020885975.1_ASM2088597v1_genomic.fna",
      "fileType": "GENOMIC_NUCLEOTIDE_FASTA"
    }
  ]
},{
  "accession": "GCF_020886115.1",
  "files": [
    {
      "filePath": "GCF_020886115.1/GCF_020886115.1_ASM2088611v1_genomic.fna",
      "fileType": "GENOMIC_NUCLEOTIDE_FASTA"
    }
  ]
}]}
