{
"apiVersion": "V2",
"assemblies": [
{
  "files": [
    {
      "filePath": "assembly_data_report.jsonl",
      "fileType": "DATA_REPORT"
    }
  ]
},{
  "accession": "GCF_000218365.1",
  "files": [
    {
      "filePath": "GCF_000218365.1/GCF_000218365.1_Bacteroides_sp_1_1_30_V1_genomic.fna",
      "fileType": "GENOMIC_NUCLEOTIDE_FASTA"
    }
  ]
},{
  "accession": "GCF_020982715.1",
  "files": [
    {
      "filePath": "GCF_020982715.1/GCF_020982715.1_ASM2098271v1_genomic.fna",
      "fileType": "GENOMIC_NUCLEOTIDE_FASTA"
    }
  ]
}]}
